"id","survey_pattern","created_at","gender","age","occupation","residence","residence_detail","visit_purpose_list","interested_sdgs_goal","current_sdgs_actions","sdgs_action_trigger","future_sdgs_interest","future_sdgs_actions","content_satisfaction","memorable_booth","learning_moments","learning_moments_detail","okayama_focus_areas","okayama_focus_other","sdgs_challenges","improvements"
"7","heavy","2025-08-07 01:15:41.933162+00","男性","20代","学生","岡山県内","岡山市北区","[""展示見学""]","8. 働きがいも経済成長も","[""公共交通機関の利用"",""マイバッグ・マイボトルの使用"",""フードロス削減"",""ゴミ分別"",""寄付・ボランティア"",""節電・節水""]","自然な流れ。","いいえ",,"{""全体"":""3"",""その他（ステンレスボトル回収・マイボトル持参など）"":""3"",""飲食"":""3"",""ワークショップ"":""3"",""ステージ"":""3"",""展示"":""3""}","30：NPO法人公共の交通ラクダRACDA","はい",,"[""健康・福祉・貧困"",""多様性・共生社会""]",,"やりやすいことから、1つずつ
やればいい。",""
"8","heavy","2025-08-07 02:07:27.784437+00","女性","30代","教職員","岡山県内","岡山市北区","[""ワークショップ""]","4. 質の高い教育をみんなに","[""マイバッグ・マイボトルの使用"",""公共交通機関の利用""]","自分の生活に合っていたから","はい",,"{""展示"":""5"",""ステージ"":""5"",""ワークショップ"":""5"",""飲食"":""5"",""その他（ステンレスボトル回収・マイボトル持参など）"":""5"",""全体"":""5""}","23：エシカルファッション協議会","はい",,"[""エシカル消費""]",,"継続的な活動になること",""
"9","heavy","2025-08-07 03:11:26.205579+00","女性","60代","主婦","岡山県内","岡山市東区","[""展示見学""]","16. 平和と公正をすべての人に","[""ゴミ分別"",""マイバッグ・マイボトルの使用"",""節電・節水""]","自然を護りたい。","はい","節水、節電","{""展示"":""4"",""ステージ"":""4"",""ワークショップ"":""4"",""飲食"":""4"",""その他（ステンレスボトル回収・マイボトル持参など）"":""4"",""全体"":""4""}","32：岡山ダイハツ販売株式会社","はい",,"[""健康・福祉・貧困"",""防災など安全・安心な社会""]",,"いろんな自然を護りたい",""
"10","heavy","2025-08-07 03:13:08.490587+00","女性","30代","主婦","岡山県内","岡山市北区","[""ワークショップ""]","14. 海の豊かさを守ろう","[""特になし""]","イベント","はい",,"{""展示"":""3"",""ステージ"":""3"",""ワークショップ"":""4"",""飲食"":""3"",""その他（ステンレスボトル回収・マイボトル持参など）"":""3"",""全体"":""4""}","78：山陽新聞社","はい",,"[""海ごみ問題""]",,"エコ",""
"11","heavy","2025-08-07 03:13:21.676064+00","女性","60代","アルバイト","岡山県内","岡山市","[""展示見学""]","13. 気候変動に具体的な対策を","[""節電・節水"",""フードロス削減"",""地産地消"",""ゴミ分別"",""寄付・ボランティア"",""その他""]","特にないが自然に","いいえ",,"{""展示"":""4"",""ステージ"":""3"",""ワークショップ"":""3"",""飲食"":""3"",""その他（ステンレスボトル回収・マイボトル持参など）"":""3"",""全体"":""4""}","60：株式会社ありがとうファーム","いいえ",,"[""海ごみ問題"",""防災など安全・安心な社会"",""クリーンエネルギーへの転換"",""健康・福祉・貧困"",""環境保全"",""多様性・共生社会""]",,"意識を持っている人と興味のない方のおんどさが大きく興味のない方に向けての広報はどうすればいいのか","色々勉強になりました
新たに知ったこともたくさんありよかった"
"12","heavy","2025-08-07 03:13:23.900069+00","男性","中学生以下","学生","岡山県内","岡山市北区","[""ワークショップ""]","3. すべての人に健康と福祉を","[""節電・節水"",""フードロス削減"",""マイバッグ・マイボトルの使用"",""ゴミ分別""]","イベント","いいえ",,"{""展示"":""5"",""ステージ"":""5"",""ワークショップ"":""5"",""飲食"":""5"",""その他（ステンレスボトル回収・マイボトル持参など）"":""5"",""全体"":""5""}","4：DOWAグループ","いいえ",,"[""海ごみ問題"",""森林の有効活用"",""健康・福祉・貧困"",""フードロス""]",,"エコ",""
"13","heavy","2025-08-07 03:14:36.551875+00","女性","大学生","学生","岡山県内","岡山市北区","[""その他""]","5. ジェンダー平等を実現しよう","[""マイバッグ・マイボトルの使用""]","レジ袋が有料になったから","はい",,"{""展示"":""5"",""ステージ"":""5"",""飲食"":""5"",""その他（ステンレスボトル回収・マイボトル持参など）"":""5"",""全体"":""5"",""ワークショップ"":""5""}","55：岡山大学　OU!万博","はい",,"[""フードロス""]",,"sdgsに関する知識がない",""
"14","heavy","2025-08-07 03:14:57.623753+00","女性","大学生","学生","岡山県外","広島県福山市","[""ワークショップ""]","3. すべての人に健康と福祉を","[""マイバッグ・マイボトルの使用""]","有料化","はい",,"{""展示"":""5"",""ワークショップ"":""5"",""ステージ"":""5"",""その他（ステンレスボトル回収・マイボトル持参など）"":""5"",""飲食"":""5"",""全体"":""5""}","55：岡山大学　OU!万博","はい",,"[""クリーンエネルギーへの転換"",""健康・福祉・貧困""]",,"地球温暖化が激しいので、止めなければならないと思ってます。",""
"15","heavy","2025-08-07 03:15:09.854747+00","男性","大学生","学生","岡山県内","岡山市","[""ワークショップ""]","7. エネルギーをみんなにそしてクリーンに","[""節電・節水""]","学校の授業","はい",,"{""展示"":""5"",""ワークショップ"":""5"",""ステージ"":""5"",""飲食"":""5"",""その他（ステンレスボトル回収・マイボトル持参など）"":""5"",""全体"":""5""}","55：岡山大学　OU!万博","はい",,"[""防災など安全・安心な社会""]",,"岡山市のごみの分別がまだ完全には普及していない",""
"16","heavy","2025-08-07 03:15:22.13563+00","女性","70代以上","主婦","岡山県内","岡山市東区草ヶ部","[""展示見学""]","3. すべての人に健康と福祉を","[""節電・節水"",""公共交通機関の利用"",""地産地消"",""マイバッグ・マイボトルの使用"",""ゴミ分別""]","結婚して主婦になったからです。","はい","節電節水","{""展示"":""4"",""ステージ"":""4"",""ワークショップ"":""3"",""飲食"":""3"",""その他（ステンレスボトル回収・マイボトル持参など）"":""4"",""全体"":""4""}","32：岡山ダイハツ販売株式会社","はい","シニアカーの試乗","[""防災など安全・安心な社会""]",,"資金の調達","フードコーナーをもう少し増やして欲しい。"
"17","heavy","2025-08-07 03:18:46.87844+00","女性","60代","その他","岡山県内","岡山市北区","[""展示見学"",""ワークショップ""]","16. 平和と公正をすべての人に","[""フードロス削減"",""地産地消"",""マイバッグ・マイボトルの使用"",""ゴミ分別"",""寄付・ボランティア""]","エコバッグ使用の呼びかけに呼応して。","はい","異常気象が少しでもおさまるようになればいいと思うので、その取り組みに参加したい。","{""展示"":""3"",""ステージ"":""3"",""ワークショップ"":""5"",""飲食"":""3"",""全体"":""4"",""その他（ステンレスボトル回収・マイボトル持参など）"":""3""}","3：ミサワホーム中国株式会社","はい","南極のペンギンやアザラシ、オーロラを見たとき、大切にしなければならないと強く思った。","[""森林の有効活用"",""クリーンエネルギーへの転換"",""フードロス""]",,"小さなことからコツコツとと思っているが、トランプ大統領のような暴君が登場すると、ガッカリします。","初めて参加させていただきましたが、感動しました。"
"18","heavy","2025-08-07 03:18:49.424242+00","女性","70代以上","主婦","岡山県内","東区","[""ステージ・講演"",""ワークショップ""]","3. すべての人に健康と福祉を","[""節電・節水"",""ゴミ分別""]","家庭、をあずかつ、てから","はい","節電節水","{""展示"":""4"",""ステージ"":""4"",""ワークショップ"":""4"",""飲食"":""4"",""その他（ステンレスボトル回収・マイボトル持参など）"":""4"",""全体"":""4""}","32：岡山ダイハツ販売株式会社","はい",,"[""環境保全"",""森林の有効活用""]",,"自然保護",""
"19","heavy","2025-08-07 03:21:45.386946+00","男性","高校生","学生","岡山県内","中区","[""その他""]","12. つくる責任つかう責任","[""フードロス削減"",""ゴミ分別""]","学校の公演","いいえ",,"{""展示"":""4"",""ステージ"":""4"",""飲食"":""3"",""ワークショップ"":""4"",""その他（ステンレスボトル回収・マイボトル持参など）"":""4"",""全体"":""3""}","70：奉還町まるごとフリースクール","いいえ",,"[""フードロス""]",,"皆が目標を知り達成に向かう姿勢が必要",""
"20","heavy","2025-08-07 03:21:55.558197+00","男性","高校生","学生","岡山県内","岡山市北区","[""その他""]","12. つくる責任つかう責任","[""節電・節水"",""フードロス削減"",""ゴミ分別""]","学校の授業","いいえ",,"{""展示"":""5"",""ステージ"":""4"",""ワークショップ"":""5"",""飲食"":""4"",""その他（ステンレスボトル回収・マイボトル持参など）"":""5"",""全体"":""4""}","50：ホテルグランヴィア岡山","いいえ",,"[""森林の有効活用"",""クリーンエネルギーへの転換""]",,"誰一人取り残さないというのが本当に実践できているのか",""
"21","heavy","2025-08-07 03:33:47.923269+00","女性","中学生以下","学生","岡山県内","岡山市北区","[""ワークショップ"",""付き添い"",""その他""]","2. 飢餓をゼロに","[""マイバッグ・マイボトルの使用"",""ゴミ分別""]","学校でSDGsを習ったから","はい","エコバック","{""展示"":""5"",""ステージ"":""5"",""ワークショップ"":""5"",""その他（ステンレスボトル回収・マイボトル持参など）"":""5"",""全体"":""5"",""飲食"":""5""}","その他","いいえ",,"[""防災など安全・安心な社会"",""森林の有効活用"",""海ごみ問題"",""環境保全"",""フードロス""]",,"飢餓",""
"22","heavy","2025-08-07 03:39:55.660544+00","男性","大学生","学生","岡山県内","岡山市","[""ワークショップ""]","3. すべての人に健康と福祉を","[""公共交通機関の利用""]","好きだから","はい","地域","{""展示"":""5"",""ステージ"":""5"",""ワークショップ"":""5"",""飲食"":""5"",""その他（ステンレスボトル回収・マイボトル持参など）"":""5"",""全体"":""5""}","55：岡山大学　OU!万博","はい","たのしくまなべた","[""海ごみ問題""]",,"関心の薄さ","またきたいです！"
"23","heavy","2025-08-07 03:40:29.044473+00","男性","大学生","学生","岡山県内","岡山市","[""展示見学""]","6. 安全な水とトイレを世界中に","[""ゴミ分別""]","一人暮らししたから","いいえ",,"{""展示"":""4"",""ステージ"":""4"",""ワークショップ"":""4"",""飲食"":""4"",""その他（ステンレスボトル回収・マイボトル持参など）"":""4"",""全体"":""4""}","55：岡山大学　OU!万博","いいえ",,"[""海ごみ問題""]",,"人口減少",""
"24","heavy","2025-08-07 03:41:39.685724+00","女性","70代以上","自営業（その他）","岡山県内","北区","[""展示見学"",""ワークショップ"",""その他""]","16. 平和と公正をすべての人に","[""節電・節水"",""地産地消"",""マイバッグ・マイボトルの使用"",""ゴミ分別"",""寄付・ボランティア"",""フードロス削減""]","孫が活動をしているから","はい","自分が出来る事を実践出来るように常日頃意識していきたい","{""展示"":""5"",""ステージ"":""5"",""ワークショップ"":""5"",""飲食"":""4"",""その他（ステンレスボトル回収・マイボトル持参など）"":""5"",""全体"":""5""}","14：カンコー学生服","はい","色んな方に説明してもらい理解しやすかった","[""防災など安全・安心な社会"",""健康・福祉・貧困"",""環境保全"",""クリーンエネルギーへの転換""]",,"一人一人が意識をもち日々生活をしていきたい。小さい頃からの教えが大事だと思います。",""
"25","heavy","2025-08-07 03:45:06.897733+00","女性","30代","自営業（その他）","岡山県内","赤磐市","[""その他""]","4. 質の高い教育をみんなに","[""特になし""]","ない","いいえ",,"{""展示"":""4"",""ワークショップ"":""3"",""飲食"":""4"",""ステージ"":""3"",""その他（ステンレスボトル回収・マイボトル持参など）"":""4"",""全体"":""3""}","5：大王製紙株式会社","はい",,"[""健康・福祉・貧困""]",,"はい",""
"26","heavy","2025-08-07 03:45:52.343745+00","女性","30代","主婦","岡山県内","岡山市","[""ワークショップ""]","6. 安全な水とトイレを世界中に","[""地産地消"",""マイバッグ・マイボトルの使用"",""ゴミ分別""]","子供への教育","いいえ",,"{""展示"":""5"",""ステージ"":""5"",""ワークショップ"":""5"",""その他（ステンレスボトル回収・マイボトル持参など）"":""5"",""全体"":""5"",""飲食"":""5""}","41：一般社団法人DESIGN GOALs","いいえ",,"[""防災など安全・安心な社会"",""健康・福祉・貧困""]",,"分からない",""
"27","heavy","2025-08-07 03:46:17.336627+00","女性","中学生以下","学生","岡山県内","倉敷市","[""ステージ・講演""]","14. 海の豊かさを守ろう","[""マイバッグ・マイボトルの使用""]","ともだちがやっていたからやるようになった","はい","ごみの分別","{""ステージ"":""3"",""展示"":""3"",""ワークショップ"":""3"",""飲食"":""3"",""その他（ステンレスボトル回収・マイボトル持参など）"":""3"",""全体"":""3""}","54：SDGsネットワークおかやま","はい",,"[""海ごみ問題""]",,"環境を豊かにする",""
"28","heavy","2025-08-07 03:46:40.571205+00","女性","50代","会社員","岡山県内","岡山市","[""ワークショップ""]","1. 貧困をなくそう","[""節電・節水"",""マイバッグ・マイボトルの使用"",""ゴミ分別""]","かいしゎ","いいえ",,"{""ステージ"":""5"",""展示"":""5"",""ワークショップ"":""2"",""飲食"":""1"",""その他（ステンレスボトル回収・マイボトル持参など）"":""5"",""全体"":""4""}","1：株式会社中電工 岡山統括支社","いいえ",,"[""森林の有効活用""]",,"皆が当たり前に取り組めるような意識を持てること",""
"29","heavy","2025-08-07 03:47:06.962048+00","男性","30代","自営業（その他）","岡山県内","赤磐市","[""付き添い""]","6. 安全な水とトイレを世界中に","[""地産地消"",""ペーパーレス化""]","環境に優しいから","いいえ",,"{""展示"":""4"",""ステージ"":""4"",""ワークショップ"":""4"",""飲食"":""5"",""その他（ステンレスボトル回収・マイボトル持参など）"":""3"",""全体"":""3""}","5：大王製紙株式会社","はい",,"[""海ごみ問題"",""森林の有効活用"",""クリーンエネルギーへの転換""]",,"なんでもやれば良いってもんじゃぁない",""
"30","heavy","2025-08-07 03:48:47.023375+00","女性","中学生以下","学生","岡山県内","総社市","[""ステージ・講演""]","6. 安全な水とトイレを世界中に","[""マイバッグ・マイボトルの使用""]","学校の授業","はい","海ごみをなくす","{""展示"":""3"",""ステージ"":""3"",""ワークショップ"":""3"",""飲食"":""3"",""その他（ステンレスボトル回収・マイボトル持参など）"":""3"",""全体"":""3""}","54：SDGsネットワークおかやま","はい",,"[""５Ｒ""]",,"みんな平等に",""
"31","heavy","2025-08-07 03:49:40.574473+00","男性","中学生以下","その他","岡山県内","岡山市","[""ワークショップ""]","16. 平和と公正をすべての人に","[""ゴミ分別""]","学校","いいえ",,"{""展示"":""3"",""ワークショップ"":""3"",""ステージ"":""3"",""飲食"":""3"",""その他（ステンレスボトル回収・マイボトル持参など）"":""3"",""全体"":""3""}","1：株式会社中電工 岡山統括支社","いいえ",,"[""森林の有効活用""]",,"難しい",""
"32","heavy","2025-08-07 03:50:10.298104+00","男性","30代","教職員","岡山県内","岡山市北区","[""展示見学"",""ワークショップ""]","1. 貧困をなくそう","[""節電・節水""]","授業","はい",,"{""展示"":""5"",""ステージ"":""4"",""ワークショップ"":""4"",""飲食"":""4"",""その他（ステンレスボトル回収・マイボトル持参など）"":""4"",""全体"":""4""}","1：株式会社中電工 岡山統括支社","はい",,"[""海ごみ問題""]",,"意識",""
"34","heavy","2025-08-07 03:52:33.800815+00","女性","30代","会社員","岡山県内","倉敷市","[""展示見学""]","7. エネルギーをみんなにそしてクリーンに","[""節電・節水"",""地産地消""]","イベントで触発されて","はい","節電、節水、徒歩での移動","{""展示"":""4"",""ステージ"":""3"",""ワークショップ"":""3"",""飲食"":""3"",""その他（ステンレスボトル回収・マイボトル持参など）"":""3"",""全体"":""4""}","7：JFE西日本ジーエス株式会社","はい","知らない環境への外サポートを知ることができた","[""フードロス"",""森林の有効活用"",""防災など安全・安心な社会"",""健康・福祉・貧困""]",,"なかなか周知されていないこと",""
"35","heavy","2025-08-07 03:54:12.889755+00","男性","40代","会社員","岡山県内","倉敷市","[""展示見学""]","12. つくる責任つかう責任","[""節電・節水"",""公共交通機関の利用"",""フードロス削減"",""マイバッグ・マイボトルの使用""]","新聞","はい","省エネ","{""展示"":""4"",""ステージ"":""4"",""ワークショップ"":""4"",""飲食"":""4"",""その他（ステンレスボトル回収・マイボトル持参など）"":""4"",""全体"":""5""}","7：JFE西日本ジーエス株式会社","はい",,"[""森林の有効活用"",""海ごみ問題"",""防災など安全・安心な社会""]",,"皆が意識して少しづつ取り組む",""
"36","heavy","2025-08-07 03:54:24.426189+00","女性","大学生","学生","岡山県内","岡山市","[""ワークショップ"",""ステージ・講演""]","4. 質の高い教育をみんなに","[""寄付・ボランティア"",""マイバッグ・マイボトルの使用""]","学校","はい","節約","{""展示"":""5"",""ステージ"":""5"",""ワークショップ"":""5"",""飲食"":""5"",""その他（ステンレスボトル回収・マイボトル持参など）"":""5"",""全体"":""5""}","48：NPO法人teamAIR","いいえ",,"[""健康・福祉・貧困""]",,"全員が一致の意識を持っていない。",""
"37","heavy","2025-08-07 03:55:06.135976+00","女性","大学生","学生","岡山県内","岡山市北区","[""その他""]","13. 気候変動に具体的な対策を","[""節電・節水"",""公共交通機関の利用"",""マイバッグ・マイボトルの使用""]","学校の授業","はい","ボランティア","{""展示"":""5"",""ステージ"":""5"",""ワークショップ"":""5"",""飲食"":""4"",""その他（ステンレスボトル回収・マイボトル持参など）"":""5"",""全体"":""5""}","55：岡山大学　OU!万博","はい","ブースを回っている時","[""海ごみ問題""]",,"ゴミの分別",""
"38","heavy","2025-08-07 03:56:38.773204+00","女性","70代以上","無職","岡山県内","岡山市北区","[""ワークショップ""]","11. 住み続けられるまちづくりを","[""節電・節水"",""ゴミ分別"",""フードロス削減""]","関連ｲﾍﾞﾝﾄに触発された","はい","節電","{""展示"":""4"",""ワークショップ"":""5"",""全体"":""4"",""ステージ"":""3"",""飲食"":""3"",""その他（ステンレスボトル回収・マイボトル持参など）"":""3""}","82：岡山理科大学","はい",,"[""海ごみ問題"",""フードロス"",""健康・福祉・貧困""]",,"年齢に関係なく参加出来て良かった","毎年参加したい"
"39","heavy","2025-08-07 03:59:01.120659+00","女性","高校生","学生","岡山県内","岡山市南区","[""ワークショップ""]","1. 貧困をなくそう","[""節電・節水"",""寄付・ボランティア""]","授業","はい",,"{""展示"":""5"",""ステージ"":""3"",""ワークショップ"":""5"",""飲食"":""4"",""その他（ステンレスボトル回収・マイボトル持参など）"":""5"",""全体"":""5""}","86：岡山南高校 商業クラブ","はい",,"[""海ごみ問題""]",,"意識の少なさ",""
"40","heavy","2025-08-07 03:59:28.61163+00","女性","高校生","学生","岡山県内","岡山市","[""ワークショップ""]","10. 人や国の不平等をなくそう","[""ゴミ分別""]","学校の授業","いいえ",,"{""展示"":""5"",""ステージ"":""3"",""ワークショップ"":""4"",""飲食"":""4"",""その他（ステンレスボトル回収・マイボトル持参など）"":""5"",""全体"":""5""}","86：岡山南高校 商業クラブ","いいえ",,"[""健康・福祉・貧困""]",,"みんなにSDGsのことを知ってもらうこと",""
"41","heavy","2025-08-07 04:07:06.94191+00","女性","大学生","学生","岡山県内","北区","[""ワークショップ""]","10. 人や国の不平等をなくそう","[""ゴミ分別""]","学校の授業","はい","寄付","{""展示"":""5"",""ステージ"":""5"",""ワークショップ"":""5"",""その他（ステンレスボトル回収・マイボトル持参など）"":""5"",""飲食"":""5"",""全体"":""5""}","55：岡山大学　OU!万博","はい",,"[""５Ｒ""]",,"ゴミの分別、川の汚染",""
"42","heavy","2025-08-07 04:07:27.498167+00","女性","大学生","学生","岡山県内","岡山市北区","[""展示見学""]","8. 働きがいも経済成長も","[""節電・節水"",""公共交通機関の利用"",""マイバッグ・マイボトルの使用""]","学校の授業、講演","はい",,"{""展示"":""4"",""ステージ"":""4"",""ワークショップ"":""5"",""飲食"":""4"",""その他（ステンレスボトル回収・マイボトル持参など）"":""3"",""全体"":""4""}","55：岡山大学　OU!万博","はい",,"[""海ごみ問題""]",,"SDGsの認知度の低さ",""
"43","heavy","2025-08-07 04:07:29.907991+00","女性","大学生","学生","岡山県内","岡山市北区","[""ワークショップ""]","3. すべての人に健康と福祉を","[""フードロス削減""]","学校","いいえ",,"{""展示"":""5"",""ステージ"":""5"",""ワークショップ"":""5"",""飲食"":""5"",""その他（ステンレスボトル回収・マイボトル持参など）"":""5"",""全体"":""5""}","55：岡山大学　OU!万博","はい",,"[""海ごみ問題""]",,"みんなが意識する",""
"44","heavy","2025-08-07 04:10:02.148086+00","女性","30代","会社員","岡山県外","高松市松島町","[""ワークショップ""]","3. すべての人に健康と福祉を","[""地産地消""]","会社で出会った方の声","いいえ",,"{""展示"":""4"",""ステージ"":""4"",""飲食"":""4"",""その他（ステンレスボトル回収・マイボトル持参など）"":""4"",""全体"":""4"",""ワークショップ"":""4""}","17：あなぶきハウジングサービス","はい","ゴミをエネルギーにしているところ","[""海ごみ問題""]",,"予算",""
"45","heavy","2025-08-07 04:10:27.247068+00","女性","50代","会社員","岡山県外","高松市","[""その他""]","3. すべての人に健康と福祉を","[""節電・節水"",""フードロス削減"",""地産地消"",""マイバッグ・マイボトルの使用"",""ゴミ分別""]","いろんなメディアで見聞きして","はい","持続可能な社会の実現","{""展示"":""1"",""飲食"":""1"",""ワークショップ"":""1"",""ステージ"":""1"",""その他（ステンレスボトル回収・マイボトル持参など）"":""1"",""全体"":""1""}","17：あなぶきハウジングサービス","いいえ",,"[""クリーンエネルギーへの転換""]",,"皆が関心を持つこと",""
"46","heavy","2025-08-07 04:10:33.769169+00","男性","40代","会社員","岡山県内","中区","[""展示見学"",""ワークショップ""]","8. 働きがいも経済成長も","[""フードロス削減"",""ゴミ分別"",""ペーパーレス化""]","イノシシの革が捨てられているのがもったいなく製品化した","いいえ",,"{""展示"":""4"",""ワークショップ"":""4"",""飲食"":""4"",""ステージ"":""4"",""その他（ステンレスボトル回収・マイボトル持参など）"":""4"",""全体"":""4""}","94：社会福祉法人 旭川荘 吉備ワークホーム","いいえ",,"[""環境保全""]",,"みんなが問題をかんがえないといけない",""
"47","heavy","2025-08-07 04:16:21.164624+00","女性","50代","教職員","岡山県内","岡山市北区","[""展示見学"",""ワークショップ"",""ステージ・講演""]","4. 質の高い教育をみんなに","[""節電・節水"",""フードロス削減"",""ペーパーレス化"",""ゴミ分別""]","SNS等のメディア","はい","公共交通機関の利用","{""展示"":""5"",""ワークショップ"":""5"",""ステージ"":""5"",""飲食"":""5"",""その他（ステンレスボトル回収・マイボトル持参など）"":""5"",""全体"":""5""}","19：アサヒ飲料株式会社中四国支社","はい",,"[""海ごみ問題"",""森林の有効活用"",""クリーンエネルギーへの転換"",""健康・福祉・貧困"",""フードロス"",""多様性・共生社会"",""環境保全""]",,"温暖化、気温の上昇。異常気象",""
"48","heavy","2025-08-07 04:19:36.111644+00","男性","大学生","学生","岡山県内","岡山市北区伊島町","[""ワークショップ"",""展示見学""]","10. 人や国の不平等をなくそう","[""節電・節水"",""公共交通機関の利用"",""地産地消""]","大学の講義でらSDGsについて学んだことがきっかけです。","はい","全ての人々が自由な恋愛などできる社会づくり","{""展示"":""4"",""ステージ"":""4"",""ワークショップ"":""5"",""飲食"":""3"",""その他（ステンレスボトル回収・マイボトル持参など）"":""3"",""全体"":""4""}","65：オーエム機器株式会社","はい",,"[""森林の有効活用""]",,"国の貧困差をなくすべきなのに貧困の差が国内外で広がっているということ",""
"49","heavy","2025-08-07 04:20:02.838882+00","女性","60代","主婦","岡山県内","岡山市東区","[""ステージ・講演""]","10. 人や国の不平等をなくそう","[""節電・節水"",""フードロス削減"",""ゴミ分別""]","ゴミの量が増えているので","いいえ",,"{""展示"":""5"",""ステージ"":""5"",""飲食"":""5"",""ワークショップ"":""5"",""その他（ステンレスボトル回収・マイボトル持参など）"":""5"",""全体"":""5""}","41：一般社団法人DESIGN GOALs","いいえ",,"[""海ごみ問題"",""健康・福祉・貧困""]",,"個人個人の意識改革",""
"50","heavy","2025-08-07 04:21:41.940808+00","男性","50代","団体職員","岡山県内","倉敷市","[""展示見学""]","1. 貧困をなくそう","[""節電・節水"",""フードロス削減"",""地産地消"",""マイバッグ・マイボトルの使用"",""寄付・ボランティア""]","職場の影響","はい","省エネ教育","{""展示"":""3"",""飲食"":""3"",""その他（ステンレスボトル回収・マイボトル持参など）"":""3"",""全体"":""3"",""ステージ"":""3"",""ワークショップ"":""3""}","90：公益財団法人岡山県環境保全事業団","はい","学生が多い","[""海ごみ問題"",""健康・福祉・貧困"",""環境保全"",""５Ｒ"",""エシカル消費"",""フードロス"",""多様性・共生社会""]",,"実現性のなさ",""
"51","heavy","2025-08-07 04:23:50.091126+00","男性","大学生","学生","岡山県内","岡山市中区","[""展示見学""]","4. 質の高い教育をみんなに","[""マイバッグ・マイボトルの使用""]","レジ袋有料化","いいえ",,"{""展示"":""4"",""ステージ"":""3"",""ワークショップ"":""3"",""飲食"":""3"",""その他（ステンレスボトル回収・マイボトル持参など）"":""3"",""全体"":""3""}","29：丸五ホールディングス株式会社","いいえ",,"[""フードロス"",""エシカル消費"",""防災など安全・安心な社会"",""クリーンエネルギーへの転換""]",,"国民の意識の相違",""
"52","heavy","2025-08-07 04:41:34.401461+00","女性","40代","会社員","岡山県内","岡山市中区","[""展示見学"",""ステージ・講演""]","14. 海の豊かさを守ろう","[""節電・節水"",""公共交通機関の利用"",""フードロス削減"",""地産地消"",""マイバッグ・マイボトルの使用"",""ペーパーレス化"",""ゴミ分別"",""寄付・ボランティア""]","ゴミ拾いから","はい","海ごみを減らす","{""展示"":""4"",""ステージ"":""5"",""全体"":""4"",""ワークショップ"":""4"",""飲食"":""4"",""その他（ステンレスボトル回収・マイボトル持参など）"":""4""}","8：株式会社リコー/リコージャパン株式会社","はい","環境保全事業団さんの説明がよかった","[""海ごみ問題"",""防災など安全・安心な社会"",""クリーンエネルギーへの転換"",""環境保全""]",,"全ての人に教えるのが難しい",""
"53","heavy","2025-08-07 04:42:33.676832+00","男性","40代","会社員","岡山県内","岡山市中区藤崎","[""展示見学"",""ワークショップ"",""ステージ・講演""]","11. 住み続けられるまちづくりを","[""公共交通機関の利用""]","会社でSDGsリーダーに任命されたため","はい","公共交通機の普及と脱炭素co2削減の取り組み","{""展示"":""4"",""ステージ"":""4"",""ワークショップ"":""4"",""飲食"":""4"",""その他（ステンレスボトル回収・マイボトル持参など）"":""4"",""全体"":""4""}","27：藤クリーン株式会社","はい",,"[""環境保全""]",,"なし",""
"54","heavy","2025-08-07 04:43:44.698821+00","男性","大学生","学生","岡山県内","岡山県北区","[""付き添い""]","5. ジェンダー平等を実現しよう","[""特になし""]","高校の授業で学んだことがきっかけです","はい",,"{""展示"":""4"",""ワークショップ"":""4"",""飲食"":""4"",""ステージ"":""4"",""その他（ステンレスボトル回収・マイボトル持参など）"":""4"",""全体"":""4""}","18：岡山大学病院","はい",,"[""多様性・共生社会""]",,"凝り固まった思考の偏りを理解して、減らしていくことが大切だと強く思う。",""
"55","heavy","2025-08-07 04:46:02.090222+00","男性","中学生以下","学生","岡山県外","奈良県","[""展示見学""]","11. 住み続けられるまちづくりを","[""ゴミ分別""]","図書館の本","はい","絵かく","{""展示"":""5"",""ステージ"":""4"",""ワークショップ"":""4"",""飲食"":""5"",""その他（ステンレスボトル回収・マイボトル持参など）"":""4"",""全体"":""4""}","10：ダイドードリンコ株式会社","いいえ",,"[""フードロス""]",,"ゴミ",""
"56","heavy","2025-08-07 04:48:23.146105+00","女性","30代","公務員","岡山県内","真庭市","[""展示見学""]","4. 質の高い教育をみんなに","[""フードロス削減"",""節電・節水"",""地産地消"",""マイバッグ・マイボトルの使用"",""ゴミ分別""]","学校の授業、研修など","いいえ",,"{""展示"":""4"",""ステージ"":""3"",""ワークショップ"":""4"",""飲食"":""4"",""その他（ステンレスボトル回収・マイボトル持参など）"":""4"",""全体"":""5""}","1：株式会社中電工 岡山統括支社","はい","ブースで説明を聞いて","[""森林の有効活用"",""防災など安全・安心な社会"",""健康・福祉・貧困"",""環境保全"",""エシカル消費"",""フードロス""]",,"意識高く、取り組みを続けていく難しさ",""
"57","heavy","2025-08-07 04:48:57.335588+00","男性","大学生","学生","岡山県内","おやまし","[""付き添い""]","7. エネルギーをみんなにそしてクリーンに","[""特になし""]","なし","いいえ",,"{""展示"":""3"",""ワークショップ"":""3"",""ステージ"":""3"",""飲食"":""3"",""その他（ステンレスボトル回収・マイボトル持参など）"":""3"",""全体"":""3""}","その他","はい",,"[""多様性・共生社会""]",,"SDGsがうさんくさい",""
"58","heavy","2025-08-07 04:49:32.586146+00","女性","大学生","学生","岡山県内","岡山市","[""付き添い""]","14. 海の豊かさを守ろう","[""節電・節水"",""フードロス削減"",""寄付・ボランティア""]","学校の授業","はい","リサイクル","{""展示"":""5"",""ステージ"":""5"",""ワークショップ"":""5"",""飲食"":""5"",""その他（ステンレスボトル回収・マイボトル持参など）"":""5"",""全体"":""5""}","55：岡山大学　OU!万博","はい","紙","[""海ごみ問題"",""森林の有効活用""]",,"飢餓問題が大きすぎて難しそう","楽しかったです"
"59","heavy","2025-08-07 04:49:34.52495+00","男性","大学生","学生","岡山県内","岡山市北区","[""付き添い""]","11. 住み続けられるまちづくりを","[""ゴミ分別""]","国民の義務だと思うから","はい",,"{""展示"":""4"",""ステージ"":""4"",""ワークショップ"":""4"",""飲食"":""4"",""その他（ステンレスボトル回収・マイボトル持参など）"":""4"",""全体"":""4""}","55：岡山大学　OU!万博","はい",,"[""森林の有効活用""]",,"海岸のゴミ",""
"60","heavy","2025-08-07 04:49:37.869965+00","男性","大学生","学生","岡山県内","岡山市北区広瀬町","[""ワークショップ""]","1. 貧困をなくそう","[""特になし""]","よく知らない","いいえ",,"{""展示"":""5"",""ステージ"":""5"",""飲食"":""5"",""ワークショップ"":""5"",""その他（ステンレスボトル回収・マイボトル持参など）"":""5"",""全体"":""5""}","55：岡山大学　OU!万博","はい",,"[""健康・福祉・貧困""]",,"教育",""
"61","heavy","2025-08-07 04:49:46.613352+00","男性","大学生","学生","岡山県内","岡山市北区","[""付き添い""]","4. 質の高い教育をみんなに","[""ゴミ分別""]","学校での活動","はい","ゴミの分別","{""展示"":""4"",""ワークショップ"":""4"",""飲食"":""4"",""その他（ステンレスボトル回収・マイボトル持参など）"":""4"",""全体"":""4"",""ステージ"":""4""}","55：岡山大学　OU!万博","いいえ",,"[""海ごみ問題""]",,"みんなの意識が必要",""
"62","heavy","2025-08-07 04:53:18.733082+00","女性","30代","主婦","岡山県内","岡山市中区","[""展示見学""]","4. 質の高い教育をみんなに","[""節電・節水"",""公共交通機関の利用"",""マイバッグ・マイボトルの使用"",""ゴミ分別""]","テレビ","はい","ゴミの分別","{""展示"":""4"",""ステージ"":""3"",""ワークショップ"":""3"",""飲食"":""3"",""その他（ステンレスボトル回収・マイボトル持参など）"":""2"",""全体"":""4""}","1：株式会社中電工 岡山統括支社","はい","防災意識の高まり","[""海ごみ問題"",""健康・福祉・貧困""]",,"人々の意識向上","面白かったです"
"63","heavy","2025-08-07 04:53:26.948154+00","男性","40代","会社員","岡山県内","岡山市中区","[""付き添い""]","8. 働きがいも経済成長も","[""公共交通機関の利用"",""フードロス削減"",""マイバッグ・マイボトルの使用""]","物価が高いため","はい","ゴミの削減","{""展示"":""5"",""ステージ"":""5"",""ワークショップ"":""5"",""飲食"":""5"",""その他（ステンレスボトル回収・マイボトル持参など）"":""5"",""全体"":""5""}","31：西日本旅客鉄道株式会社","いいえ",,"[""海ごみ問題"",""フードロス""]",,"オーバーツーリズム","ゴミ箱にゴミが溢れていた。"
"64","heavy","2025-08-07 04:56:10.653609+00","女性","大学生","学生","岡山県内","北区","[""ワークショップ""]","6. 安全な水とトイレを世界中に","[""地産地消""]","授業","いいえ",,"{""展示"":""5"",""ステージ"":""5"",""ワークショップ"":""5"",""飲食"":""5"",""全体"":""5"",""その他（ステンレスボトル回収・マイボトル持参など）"":""5""}","102：岡山大学RAC","いいえ",,"[""海ごみ問題""]",,"認知度が低い",""
"65","heavy","2025-08-07 04:56:41.360216+00","女性","大学生","学生","岡山県内","岡山市北区","[""ワークショップ""]","11. 住み続けられるまちづくりを","[""節電・節水"",""公共交通機関の利用""]","少しでも環境に負荷をかけないようにしたい","はい","エコバッグを持ち歩く","{""展示"":""5"",""ステージ"":""5"",""ワークショップ"":""5"",""飲食"":""5"",""その他（ステンレスボトル回収・マイボトル持参など）"":""5"",""全体"":""5""}","55：岡山大学　OU!万博","はい","健康についてのワークショップで筋肉の衰えを感じた時","[""海ごみ問題""]",,"プラスチック利用",""
"66","heavy","2025-08-07 04:56:46.567895+00","女性","大学生","学生","岡山県内","岡山市北区","[""その他""]","12. つくる責任つかう責任","[""節電・節水"",""マイバッグ・マイボトルの使用"",""ペーパーレス化""]","学校の授業、課外活動","いいえ",,"{""展示"":""5"",""ステージ"":""5"",""ワークショップ"":""5"",""飲食"":""5"",""その他（ステンレスボトル回収・マイボトル持参など）"":""5"",""全体"":""5""}","55：岡山大学　OU!万博","いいえ",,"[""フードロス""]",,"取り組んでいる人とそうでない人の違い",""
"67","heavy","2025-08-07 04:58:17.08762+00","男性","中学生以下","学生","岡山県内","岡山市北区","[""ワークショップ""]","11. 住み続けられるまちづくりを","[""節電・節水""]","学校の授業","はい",,"{""展示"":""5"",""ステージ"":""5"",""ワークショップ"":""5"",""飲食"":""5"",""その他（ステンレスボトル回収・マイボトル持参など）"":""5"",""全体"":""5""}","4：DOWAグループ","はい",,"[""海ごみ問題""]",,"海ゴミ問題",""
"68","heavy","2025-08-07 05:01:14.356389+00","女性","大学生","学生","岡山県内","岡山市北区","[""ワークショップ"",""ステージ・講演"",""展示見学""]","2. 飢餓をゼロに","[""フードロス削減"",""マイバッグ・マイボトルの使用"",""ゴミ分別""]","SDGsに関連する団体に所属して","はい",,"{""展示"":""5"",""ステージ"":""5"",""ワークショップ"":""5"",""飲食"":""5"",""その他（ステンレスボトル回収・マイボトル持参など）"":""5"",""全体"":""5""}","19：アサヒ飲料株式会社中四国支社","はい",,"[""５Ｒ"",""フードロス""]",,"一人一人のSDGsへの意識",""
"69","heavy","2025-08-07 05:01:16.546857+00","女性","40代","会社員","岡山県内","岡山市北区","[""展示見学""]","11. 住み続けられるまちづくりを","[""フードロス削減"",""マイバッグ・マイボトルの使用"",""地産地消"",""ゴミ分別"",""節電・節水""]","テレビや新聞","はい","フェアトレードの物を買う","{""展示"":""5"",""ステージ"":""4"",""ワークショップ"":""4"",""飲食"":""4"",""その他（ステンレスボトル回収・マイボトル持参など）"":""5"",""全体"":""5""}","37：岡山高等学校","はい","フェアトレードのコーヒーを美味しくいただきました。","[""海ごみ問題"",""健康・福祉・貧困"",""多様性・共生社会""]",,"すみよいまちづくりのための取り組み",""
"70","heavy","2025-08-07 05:01:24.081453+00","女性","大学生","学生","岡山県外","広島県福山市","[""ステージ・講演""]","2. 飢餓をゼロに","[""節電・節水"",""フードロス削減""]","小学校の授業で節電の重要性を学んだため","はい","ボランティア活動","{""展示"":""5"",""ステージ"":""5"",""ワークショップ"":""5"",""飲食"":""5"",""その他（ステンレスボトル回収・マイボトル持参など）"":""4"",""全体"":""5""}","19：アサヒ飲料株式会社中四国支社","はい",,"[""５Ｒ"",""多様性・共生社会""]",,"意識している人は多いもののそれを実践する人は少ない",""
"71","heavy","2025-08-07 05:02:07.00521+00","女性","60代","主婦","岡山県内","中区門田屋敷","[""その他""]","3. すべての人に健康と福祉を","[""節電・節水"",""フードロス削減"",""地産地消"",""マイバッグ・マイボトルの使用"",""ゴミ分別"",""公共交通機関の利用""]","テレビ📺️新聞🗞️","はい","節水、リメイク","{""展示"":""3"",""ステージ"":""3"",""ワークショップ"":""3"",""飲食"":""4"",""その他（ステンレスボトル回収・マイボトル持参など）"":""5"",""全体"":""4""}","2：ナカシマホールディングス株式会社","はい",,"[""海ごみ問題"",""防災など安全・安心な社会"",""健康・福祉・貧困"",""フードロス""]",,"食品のムダを無くす",""
"72","heavy","2025-08-07 05:02:08.456217+00","女性","20代","会社員","岡山県内","倉敷市","[""その他""]","14. 海の豊かさを守ろう","[""公共交通機関の利用"",""フードロス削減"",""地産地消""]","節約にもなるから","いいえ",,"{""展示"":""3"",""ステージ"":""4"",""ワークショップ"":""4"",""飲食"":""5"",""その他（ステンレスボトル回収・マイボトル持参など）"":""3"",""全体"":""3""}","104：瀬戸内かきがらアグリ推進協議会","いいえ",,"[""海ごみ問題""]",,"なにをもって達成とするのか次第だと思う。",""
"73","heavy","2025-08-07 05:02:32.647443+00","男性","大学生","学生","岡山県内","岡山市北区","[""ワークショップ"",""展示見学"",""ステージ・講演""]","3. すべての人に健康と福祉を","[""フードロス削減"",""ゴミ分別""]","学校の授業","はい","節電や節水","{""展示"":""5"",""ステージ"":""5"",""ワークショップ"":""5"",""飲食"":""5"",""その他（ステンレスボトル回収・マイボトル持参など）"":""4"",""全体"":""5""}","19：アサヒ飲料株式会社中四国支社","いいえ",,"[""海ごみ問題""]",,"自分でできることを考えて実践する。",""
"74","heavy","2025-08-07 05:02:40.277255+00","男性","30代","会社員","岡山県内","岡山市中区","[""その他""]","9. 産業と技術革新の基盤をつくろう","[""ペーパーレス化""]","職場の影響です","いいえ","","{""展示"":""3"",""ワークショップ"":""3"",""飲食"":""1"",""ステージ"":""3"",""その他（ステンレスボトル回収・マイボトル持参など）"":""3"",""全体"":""3""}","55：岡山大学　OU!万博","いいえ",,"[""フードロス""]",,"食品ロスの削減が難しい",""
"75","heavy","2025-08-07 05:08:20.827957+00","女性","70代以上","その他","岡山県内","岡山県岡山市北区","[""展示見学"",""付き添い""]","4. 質の高い教育をみんなに","[""節電・節水"",""ペーパーレス化"",""ゴミ分別"",""寄付・ボランティア""]","自らの研究","はい","ジェンダー平等","{""展示"":""5"",""ステージ"":""5"",""ワークショップ"":""5"",""飲食"":""4"",""その他（ステンレスボトル回収・マイボトル持参など）"":""3"",""全体"":""5""}","83：NPO法人グリーンパートナーおかやま（おかやま海ごみゼロ大作戦中高生実行委員会）","はい",,"[""多様性・共生社会""]",,"日本は、世界の動きに比べて、遅い。",""
"76","heavy","2025-08-07 05:10:34.263952+00","女性","20代","派遣","岡山県内","岡山市","[""その他""]","1. 貧困をなくそう","[""節電・節水"",""マイバッグ・マイボトルの使用"",""ゴミ分別"",""公共交通機関の利用""]","なんとなく","はい","フードロス削減","{""展示"":""1"",""ステージ"":""1"",""ワークショップ"":""1"",""飲食"":""1"",""その他（ステンレスボトル回収・マイボトル持参など）"":""1"",""全体"":""1""}","54：SDGsネットワークおかやま","はい",,"[""防災など安全・安心な社会"",""健康・福祉・貧困"",""エシカル消費""]",,"認知度が低いこと",""
"77","heavy","2025-08-07 05:10:42.581704+00","男性","60代","会社員","岡山県内","倉敷市","[""展示見学""]","3. すべての人に健康と福祉を","[""節電・節水"",""地産地消"",""マイバッグ・マイボトルの使用"",""ゴミ分別""]","仕事","はい","高齢者の健康づくり","{""展示"":""4"",""ステージ"":""3"",""ワークショップ"":""4"",""飲食"":""3"",""その他（ステンレスボトル回収・マイボトル持参など）"":""3"",""全体"":""4""}","14：カンコー学生服","はい","展示を説明してもらって","[""健康・福祉・貧困"",""クリーンエネルギーへの転換"",""フードロス""]",,"県民全体の意識づけ","ここ便利悪いのでコンベックスで開催して。"
"78","heavy","2025-08-07 05:16:48.662896+00","男性","40代","会社員","岡山県外","福山市","[""展示見学""]","13. 気候変動に具体的な対策を","[""節電・節水"",""ペーパーレス化""]","会社が所属する業界として重点的に対応が必要な分野のため","はい","社員の意識向上","{""ステージ"":""3"",""ワークショップ"":""3"",""飲食"":""4"",""全体"":""4"",""その他（ステンレスボトル回収・マイボトル持参など）"":""4"",""展示"":""4""}","36：金光学園高等学校","はい","学生の方が率先して取り組んでいるところ。持ち帰りたいです","[""森林の有効活用"",""クリーンエネルギーへの転換"",""フードロス""]",,"個々の活動になっていないか。
多くの人が自分事になっているか。","昨年までと比べて規模が小さくなっているように感じます。せっかくの機会なのでもったいないように感じます"
"79","heavy","2025-08-07 05:18:25.725257+00","女性","中学生以下","学生","岡山県外","名古屋市","[""ワークショップ"",""展示見学""]","16. 平和と公正をすべての人に","[""ゴミ分別"",""節電・節水""]","学校の授業で","はい","ゴミ拾い","{""展示"":""4"",""ステージ"":""4"",""ワークショップ"":""5"",""飲食"":""4"",""全体"":""4"",""その他（ステンレスボトル回収・マイボトル持参など）"":""4""}","63：岡山芸術交流実行委員会","はい","ワークショップでアート作品の感想を話した時","[""５Ｒ""]",,"戦争で貧しい人がいること。",""
"80","heavy","2025-08-07 05:20:31.291381+00","女性","30代","主婦","岡山県外","名古屋市","[""ワークショップ""]","10. 人や国の不平等をなくそう","[""節電・節水"",""フードロス削減""]","メディアをとおして","はい","ゴミ拾い","{""展示"":""4"",""ステージ"":""4"",""ワークショップ"":""5"",""飲食"":""4"",""全体"":""4"",""その他（ステンレスボトル回収・マイボトル持参など）"":""4""}","63：岡山芸術交流実行委員会","はい","いろいろな取り組みが行われていることを知れました","[""多様性・共生社会""]",,"多様性を認める社会の実現の難しさを感じています。",""
"81","heavy","2025-08-07 05:22:45.238216+00","男性","大学生","学生","岡山県内","北区","[""ステージ・講演""]","6. 安全な水とトイレを世界中に","[""節電・節水""]","総合的な学習の時間","はい",,"{""展示"":""5"",""ステージ"":""5"",""ワークショップ"":""5"",""その他（ステンレスボトル回収・マイボトル持参など）"":""5"",""全体"":""5"",""飲食"":""5""}","85：釣り人みんなで、ごみ拾い","はい",,"[""海ごみ問題"",""森林の有効活用""]",,"エネルギー問題",""
"82","heavy","2025-08-07 05:25:01.241297+00","男性","30代","会社員","岡山県内","和気郡","[""展示見学""]","2. 飢餓をゼロに","[""節電・節水"",""フードロス削減"",""地産地消""]","職場の影響","いいえ",,"{""展示"":""5"",""ステージ"":""5"",""ワークショップ"":""5"",""飲食"":""3"",""その他（ステンレスボトル回収・マイボトル持参など）"":""5"",""全体"":""4""}","38：一般社団法人コノヒトカン","いいえ",,"[""森林の有効活用"",""海ごみ問題"",""防災など安全・安心な社会""]",,"意識力の向上",""
"83","heavy","2025-08-07 05:25:40.72941+00","男性","50代","会社員","岡山県内","岡山市北区","[""展示見学""]","6. 安全な水とトイレを世界中に","[""マイバッグ・マイボトルの使用"",""ゴミ分別"",""ペーパーレス化""]","趣旨に賛同したから
価値がある行動だ思うから","はい","食品ロス","{""展示"":""3"",""ステージ"":""3"",""ワークショップ"":""3"",""飲食"":""3"",""その他（ステンレスボトル回収・マイボトル持参など）"":""5"",""全体"":""4""}","19：アサヒ飲料株式会社中四国支社","はい","二酸化炭素関係","[""健康・福祉・貧困"",""防災など安全・安心な社会""]",,"全員参加",""
"84","heavy","2025-08-07 05:26:21.839747+00","女性","40代","会社員","岡山県内","中区","[""付き添い""]","4. 質の高い教育をみんなに","[""節電・節水""]","教育","はい","畑","{""展示"":""5"",""ステージ"":""5"",""ワークショップ"":""5"",""飲食"":""3"",""その他（ステンレスボトル回収・マイボトル持参など）"":""5"",""全体"":""3""}","2：ナカシマホールディングス株式会社","はい",,"[""海ごみ問題""]",,"ゴミの分別",""
"85","heavy","2025-08-07 05:28:03.785587+00","男性","中学生以下","学生","岡山県内","総社市","[""ステージ・講演""]","14. 海の豊かさを守ろう","[""フードロス削減""]","今日のイベント","はい",,"{""展示"":""3"",""ステージ"":""4"",""ワークショップ"":""3"",""飲食"":""3"",""その他（ステンレスボトル回収・マイボトル持参など）"":""3"",""全体"":""3""}","1：株式会社中電工 岡山統括支社","はい",,"[""海ごみ問題""]",,"ごはんをのこさない",""
"86","heavy","2025-08-07 05:29:21.465794+00","男性","50代","会社員","岡山県内","岡山市北区","[""展示見学""]","8. 働きがいも経済成長も","[""節電・節水"",""フードロス削減"",""地産地消"",""マイバッグ・マイボトルの使用"",""ペーパーレス化"",""ゴミ分別""]","日頃から丁寧な暮らしを心がけていますので活動のきっかけにはなりました","はい",,"{""展示"":""5"",""ステージ"":""4"",""ワークショップ"":""4"",""飲食"":""2"",""その他（ステンレスボトル回収・マイボトル持参など）"":""3"",""全体"":""4""}","4：DOWAグループ","はい",,"[""海ごみ問題"",""環境保全""]",,"なかなか効果が見えてこないところ",""
"87","heavy","2025-08-07 05:29:30.907575+00","女性","40代","主婦","岡山県内","瀬戸内市","[""付き添い""]","1. 貧困をなくそう","[""フードロス削減""]","学校のじぎょう","はい","水の使う量を減らす","{""展示"":""5"",""ステージ"":""5"",""ワークショップ"":""5"",""飲食"":""5"",""その他（ステンレスボトル回収・マイボトル持参など）"":""5"",""全体"":""5""}","1：株式会社中電工 岡山統括支社","いいえ",,"[""海ごみ問題""]",,"地球温暖化がすすみ、健康に暮らせる未来をつくること","素晴らしい"
"88","heavy","2025-08-07 05:29:45.655827+00","男性","30代","その他","岡山県内","岡山市東区","[""その他""]","5. ジェンダー平等を実現しよう","[""特になし""]","ない","いいえ",,"{""展示"":""3"",""ステージ"":""3"",""ワークショップ"":""3"",""飲食"":""3"",""その他（ステンレスボトル回収・マイボトル持参など）"":""3"",""全体"":""3""}","1：株式会社中電工 岡山統括支社","いいえ",,"[""フードロス""]",,"ない",""
"89","heavy","2025-08-07 05:29:58.19989+00","男性","50代","会社員","岡山県内","岡山市南区","[""展示見学""]","14. 海の豊かさを守ろう","[""ゴミ分別""]","地球環境を守るため","はい","リサイクル","{""展示"":""4"",""ステージ"":""3"",""ワークショップ"":""4"",""飲食"":""3"",""その他（ステンレスボトル回収・マイボトル持参など）"":""3"",""全体"":""4""}","6：友野印刷株式会社","はい","色々な取り組みが学べた。","[""海ごみ問題""]",,"使い捨てが多い。","リサイクル"
"90","heavy","2025-08-07 05:33:26.902529+00","男性","50代","会社員","岡山県外","奈良県大和郡山市","[""展示見学""]","12. つくる責任つかう責任","[""地産地消"",""ゴミ分別"",""公共交通機関の利用""]","活動している方を見て関心が出たため","はい","身近な再利用をやってみたい","{""展示"":""4"",""ステージ"":""4"",""ワークショップ"":""4"",""飲食"":""3"",""その他（ステンレスボトル回収・マイボトル持参など）"":""4"",""全体"":""4""}","81：NPO法人木野環境／大日本印刷株式会社","はい",,"[""海ごみ問題"",""森林の有効活用"",""防災など安全・安心な社会"",""フードロス"",""健康・福祉・貧困"",""環境保全""]",,"環境破壊、フードロス",""
"91","heavy","2025-08-07 05:34:06.930968+00","男性","40代","会社員","岡山県内","岡山市北区","[""展示見学""]","8. 働きがいも経済成長も","[""節電・節水"",""フードロス削減"",""マイバッグ・マイボトルの使用"",""ゴミ分別""]","何となく","いいえ",,"{""展示"":""4"",""ステージ"":""3"",""ワークショップ"":""3"",""飲食"":""3"",""その他（ステンレスボトル回収・マイボトル持参など）"":""4"",""全体"":""4""}","10：ダイドードリンコ株式会社","いいえ",,"[""健康・福祉・貧困""]",,"皆の意識",""
"92","heavy","2025-08-07 05:38:30.740773+00","女性","40代","公務員","岡山県内","岡山市北区","[""ステージ・講演""]","3. すべての人に健康と福祉を","[""フードロス削減"",""マイバッグ・マイボトルの使用"",""ペーパーレス化"",""ゴミ分別"",""寄付・ボランティア""]","メディアからの情報","いいえ",,"{""展示"":""3"",""ステージ"":""4"",""ワークショップ"":""3"",""飲食"":""3"",""その他（ステンレスボトル回収・マイボトル持参など）"":""3"",""全体"":""3""}","19：アサヒ飲料株式会社中四国支社","はい","二酸化炭素を食べる自動販売機","[""フードロス"",""海ごみ問題"",""森林の有効活用"",""防災など安全・安心な社会""]",,"子どもたちがもっと身近に感じでもらえるような機会を作る",""
"93","heavy","2025-08-07 05:48:54.749923+00","女性","30代","アルバイト","岡山県内","岡山市南区","[""ワークショップ""]","3. すべての人に健康と福祉を","[""節電・節水"",""フードロス削減"",""ペーパーレス化""]","学校行事","はい",,"{""展示"":""5"",""ステージ"":""5"",""ワークショップ"":""5"",""飲食"":""5"",""その他（ステンレスボトル回収・マイボトル持参など）"":""5"",""全体"":""5""}","71：瀬戸内市/ 岡山県立邑久高等学校","はい",,"[""海ごみ問題"",""環境保全"",""５Ｒ"",""フードロス""]",,"環境汚染","また期待です。"
"94","heavy","2025-08-07 05:50:46.012415+00","女性","40代","主婦","岡山県内","岡山市南区","[""ワークショップ""]","11. 住み続けられるまちづくりを","[""節電・節水"",""フードロス削減"",""マイバッグ・マイボトルの使用"",""ゴミ分別""]","昨今の異常気象、世界情勢から。","はい","自然に優しい","{""展示"":""5"",""ステージ"":""5"",""ワークショップ"":""5"",""飲食"":""5"",""その他（ステンレスボトル回収・マイボトル持参など）"":""5"",""全体"":""5""}","1：株式会社中電工 岡山統括支社","いいえ",,"[""海ごみ問題"",""森林の有効活用"",""環境保全"",""健康・福祉・貧困"",""５Ｒ"",""フードロス""]",,"自然に優しい","今回とても楽しく、SDGsについて考えるきっかけとなりました"
"95","heavy","2025-08-07 05:52:27.840705+00","女性","50代","自営業（その他）","岡山県内","北区","[""展示見学""]","11. 住み続けられるまちづくりを","[""節電・節水"",""公共交通機関の利用"",""フードロス削減"",""地産地消"",""ペーパーレス化""]","子供たちに安全な未来をのこしたいから","いいえ",,"{""展示"":""5"",""ステージ"":""3"",""ワークショップ"":""3"",""飲食"":""3"",""その他（ステンレスボトル回収・マイボトル持参など）"":""3"",""全体"":""5""}","77：Blue Evolution Grp./株式会社Mt.ベアーズ","はい","種苗法について知った","[""クリーンエネルギーへの転換"",""環境保全"",""エシカル消費"",""フードロス""]",,"日常に無理なく取り入れられること",""
"96","heavy","2025-08-07 06:04:24.120413+00","男性","50代","会社員","岡山県内","岡山市北区","[""展示見学""]","8. 働きがいも経済成長も","[""公共交通機関の利用"",""マイバッグ・マイボトルの使用"",""ゴミ分別""]","職場の影響","はい","ゴミの分別","{""展示"":""4"",""ステージ"":""3"",""ワークショップ"":""3"",""その他（ステンレスボトル回収・マイボトル持参など）"":""3"",""飲食"":""4"",""全体"":""4""}","31：西日本旅客鉄道株式会社","はい","各企業の取り組みの説明を聞いたとき","[""海ごみ問題"",""森林の有効活用""]",,"一人一人の意識を上げること","また開催してほしい"
"97","heavy","2025-08-07 06:17:20.310873+00","男性","50代","教職員","岡山県外","岡山市中区","[""ワークショップ"",""展示見学""]","11. 住み続けられるまちづくりを","[""節電・節水"",""フードロス削減"",""地産地消"",""マイバッグ・マイボトルの使用"",""ペーパーレス化"",""ゴミ分別"",""寄付・ボランティア""]","職場の影響","はい","リサイクル","{""展示"":""4"",""ステージ"":""3"",""ワークショップ"":""4"",""飲食"":""5"",""その他（ステンレスボトル回収・マイボトル持参など）"":""5"",""全体"":""5""}","5：大王製紙株式会社","はい","まだまだ自分の知らない取り組みが学べたこと","[""多様性・共生社会"",""海ごみ問題"",""森林の有効活用"",""健康・福祉・貧困""]",,"具体的な取り組みを広報する場所が必要
","もっと参加する団体が増えたらいいなと思います"
"98","heavy","2025-08-07 06:18:16.404827+00","男性","中学生以下","学生","岡山県内","岡山市北区","[""ワークショップ""]","14. 海の豊かさを守ろう","[""フードロス削減"",""地産地消"",""マイバッグ・マイボトルの使用"",""ゴミ分別""]","今日ここで勉強したから","はい","電気をつけるタイミングを考える","{""展示"":""5"",""ステージ"":""5"",""ワークショップ"":""5"",""飲食"":""4"",""その他（ステンレスボトル回収・マイボトル持参など）"":""4"",""全体"":""5""}","55：岡山大学　OU!万博","はい",,"[""海ごみ問題""]",,"みんなが同じ意識で進むこと",""
"99","heavy","2025-08-07 06:22:14.684974+00","女性","大学生","学生","岡山県外","香川県","[""ワークショップ""]","11. 住み続けられるまちづくりを","[""節電・節水"",""地産地消"",""ゴミ分別""]","学校","はい","節電","{""展示"":""5"",""ステージ"":""5"",""ワークショップ"":""5"",""飲食"":""5"",""その他（ステンレスボトル回収・マイボトル持参など）"":""5"",""全体"":""5""}","55：岡山大学　OU!万博","はい",,"[""海ごみ問題""]",,"地球温暖化",""
"100","heavy","2025-08-07 06:22:40.091993+00","女性","大学生","学生","岡山県内","岡山市北区","[""ワークショップ""]","16. 平和と公正をすべての人に","[""マイバッグ・マイボトルの使用""]","学校の授業","いいえ",,"{""展示"":""5"",""ワークショップ"":""5"",""飲食"":""4"",""その他（ステンレスボトル回収・マイボトル持参など）"":""5"",""全体"":""5"",""ステージ"":""5""}","55：岡山大学　OU!万博","はい",,"[""５Ｒ""]",,"あまりみんなが取り組んでいない",""
"101","heavy","2025-08-07 06:25:12.719438+00","女性","30代","会社員","岡山県内","岡山市南区","[""展示見学""]","3. すべての人に健康と福祉を","[""節電・節水"",""フードロス削減"",""マイバッグ・マイボトルの使用"",""ゴミ分別""]","メディア","はい","リサイクル","{""展示"":""3"",""ステージ"":""3"",""飲食"":""3"",""その他（ステンレスボトル回収・マイボトル持参など）"":""3"",""全体"":""3"",""ワークショップ"":""3""}","29：丸五ホールディングス株式会社","いいえ",,"[""クリーンエネルギーへの転換"",""海ごみ問題"",""フードロス""]",,"一人一人の意識の持ち方",""
"102","heavy","2025-08-07 06:29:32.546319+00","女性","中学生以下","学生","岡山県内","岡山市南区","[""展示見学""]","3. すべての人に健康と福祉を","[""マイバッグ・マイボトルの使用"",""ゴミ分別""]","メディア","はい","ボランティア活動","{""展示"":""5"",""ステージ"":""3"",""ワークショップ"":""5"",""飲食"":""3"",""その他（ステンレスボトル回収・マイボトル持参など）"":""3"",""全体"":""5""}","54：SDGsネットワークおかやま","はい","学びに続く事","[""５Ｒ""]",,"自分やみんなの意識の持ち方",""
"103","heavy","2025-08-07 06:35:48.135907+00","女性","大学生","学生","岡山県内","岡山市南区","[""展示見学""]","4. 質の高い教育をみんなに","[""マイバッグ・マイボトルの使用"",""寄付・ボランティア""]","高校の授業","はい",,"{""展示"":""5"",""ステージ"":""5"",""ワークショップ"":""5"",""飲食"":""5"",""その他（ステンレスボトル回収・マイボトル持参など）"":""5"",""全体"":""5""}","37：岡山高等学校","はい",,"[""環境保全""]",,"SDGsへの意識の低さ",""
"104","heavy","2025-08-07 06:35:56.000759+00","女性","大学生","学生","岡山県内","岡山市南区","[""展示見学""]","1. 貧困をなくそう","[""フードロス削減"",""ゴミ分別""]","高校生の時の授業で始めた。","はい","フードロス","{""展示"":""5"",""ワークショップ"":""5"",""ステージ"":""5"",""飲食"":""5"",""その他（ステンレスボトル回収・マイボトル持参など）"":""5"",""全体"":""5""}","37：岡山高等学校","はい",,"[""防災など安全・安心な社会""]",,"SDGsをみんなが理解しているかどうかという点",""
"105","heavy","2025-08-07 06:36:02.520916+00","女性","大学生","学生","岡山県外","京都府","[""ワークショップ""]","17. パートナーシップで目標を達成しよう","[""寄付・ボランティア""]","高校での活動","はい","ゴミの分別","{""展示"":""5"",""ステージ"":""5"",""ワークショップ"":""5"",""飲食"":""5"",""その他（ステンレスボトル回収・マイボトル持参など）"":""5"",""全体"":""5""}","37：岡山高等学校","はい","邑久高校のカードゲーム","[""海ごみ問題"",""防災など安全・安心な社会"",""環境保全"",""エシカル消費""]",,"パートナーシップの重要性",""
"106","heavy","2025-08-07 06:36:41.641226+00","男性","30代","会社員","岡山県内","岡山市北区","[""展示見学"",""ワークショップ"",""ステージ・講演""]","17. パートナーシップで目標を達成しよう","[""その他""]","SDGsの講演を聞いたこと","はい",,"{""展示"":""5"",""ステージ"":""5"",""ワークショップ"":""3"",""飲食"":""5"",""全体"":""4"",""その他（ステンレスボトル回収・マイボトル持参など）"":""3""}","60：株式会社ありがとうファーム","はい",,"[""海ごみ問題"",""健康・福祉・貧困"",""多様性・共生社会""]",,"特に無し",""
"107","heavy","2025-08-07 06:36:41.970329+00","女性","70代以上","主婦","岡山県内","岡山市北区北方","[""展示見学"",""ワークショップ""]","7. エネルギーをみんなにそしてクリーンに","[""節電・節水"",""公共交通機関の利用"",""フードロス削減"",""地産地消"",""マイバッグ・マイボトルの使用"",""ゴミ分別""]","メディア","いいえ",,"{""展示"":""4"",""ステージ"":""4"",""ワークショップ"":""4"",""全体"":""4"",""その他（ステンレスボトル回収・マイボトル持参など）"":""4"",""飲食"":""3""}","17：あなぶきハウジングサービス","いいえ",,"[""海ごみ問題"",""防災など安全・安心な社会"",""フードロス"",""健康・福祉・貧困""]",,"SDＧsについてまだまだ勉強が必要！",""
"108","heavy","2025-08-07 06:37:15.080611+00","男性","40代","教職員","岡山県内","総社市","[""展示見学"",""ワークショップ"",""ステージ・講演""]","4. 質の高い教育をみんなに","[""フードロス削減"",""地産地消""]","学校の授業","はい","海洋環境改善","{""展示"":""5"",""ステージ"":""4"",""ワークショップ"":""3"",""飲食"":""4"",""その他（ステンレスボトル回収・マイボトル持参など）"":""4"",""全体"":""5""}","37：岡山高等学校","いいえ",,"[""森林の有効活用"",""海ごみ問題"",""防災など安全・安心な社会""]",,"協働を進めること",""
"109","heavy","2025-08-07 06:38:07.920242+00","女性","30代","会社員","岡山県内","岡山市北区","[""その他""]","17. パートナーシップで目標を達成しよう","[""ペーパーレス化"",""マイバッグ・マイボトルの使用""]","ニュースや周りの人の影響","はい",,"{""展示"":""4"",""ステージ"":""3"",""ワークショップ"":""3"",""飲食"":""3"",""その他（ステンレスボトル回収・マイボトル持参など）"":""3"",""全体"":""3""}","41：一般社団法人DESIGN GOALs","はい",,"[""健康・福祉・貧困"",""多様性・共生社会""]",,"ひとりひとりの意識",""
"110","heavy","2025-08-07 06:41:39.09097+00","女性","20代","団体職員","岡山県内","倉敷市","[""その他""]","14. 海の豊かさを守ろう","[""公共交通機関の利用"",""地産地消"",""フードロス削減"",""マイバッグ・マイボトルの使用"",""ペーパーレス化"",""ゴミ分別""]","海ボランティアの参加","はい","完全なゴミ分別","{""展示"":""5"",""ステージ"":""3"",""ワークショップ"":""3"",""飲食"":""3"",""その他（ステンレスボトル回収・マイボトル持参など）"":""5"",""全体"":""5""}","15：Betty Smith","はい",,"[""海ごみ問題"",""森林の有効活用""]",,"海ゴミは陸から流れ着いてるってわかってる人が少ない",""
"111","heavy","2025-08-07 06:44:30.246364+00","女性","70代以上","主婦","岡山県内","岡山市","[""ワークショップ""]","6. 安全な水とトイレを世界中に","[""節電・節水"",""フードロス削減"",""マイバッグ・マイボトルの使用"",""ゴミ分別"",""寄付・ボランティア"",""ペーパーレス化""]","生活の中のSDGsの発信のための勉強","はい","上記実践中

買いすぎ　食事作り過ぎ
生活を膨らませないこと","{""ワークショップ"":""1"",""飲食"":""3"",""ステージ"":""1"",""展示"":""2"",""その他（ステンレスボトル回収・マイボトル持参など）"":""1"",""全体"":""2""}","63：岡山芸術交流実行委員会","はい",,"[""森林の有効活用"",""海ごみ問題"",""フードロス"",""クリーンエネルギーへの転換""]",,"個人がいかに関心をもつかの発信",""
"112","heavy","2025-08-07 06:51:37.726033+00","女性","高校生","学生","岡山県内","岡山市南区","[""その他""]","13. 気候変動に具体的な対策を","[""節電・節水"",""マイバッグ・マイボトルの使用"",""ゴミ分別"",""寄付・ボランティア"",""フードロス削減""]","学校の授業","はい",,"{""展示"":""5"",""ステージ"":""5"",""ワークショップ"":""5"",""飲食"":""5"",""その他（ステンレスボトル回収・マイボトル持参など）"":""5"",""全体"":""5""}","102：岡山大学RAC","はい",,"[""海ごみ問題"",""クリーンエネルギーへの転換"",""多様性・共生社会""]",,"SDGsの認知度が上がっている一方で、それを実行し、持続可能な生活をしている人はまだ多くないのではないかと感じること。",""
"113","heavy","2025-08-07 06:52:02.431699+00","女性","高校生","学生","岡山県内","鏡野町","[""ワークショップ""]","4. 質の高い教育をみんなに","[""節電・節水"",""フードロス削減"",""マイバッグ・マイボトルの使用"",""ゴミ分別""]","家の取り組み","はい","公共交通機関の利用","{""展示"":""5"",""ステージ"":""5"",""ワークショップ"":""5"",""飲食"":""5"",""その他（ステンレスボトル回収・マイボトル持参など）"":""5"",""全体"":""5""}","10：ダイドードリンコ株式会社","はい","新たな観点からの取り組みを見たとき","[""森林の有効活用""]",,"他人事になり、自分から取り組もうとする人がいること",""
"114","heavy","2025-08-07 06:52:07.037084+00","女性","高校生","学生","岡山県内","岡山市","[""その他""]","16. 平和と公正をすべての人に","[""フードロス削減"",""地産地消"",""公共交通機関の利用"",""節電・節水"",""マイバッグ・マイボトルの使用"",""ゴミ分別"",""寄付・ボランティア""]","学校の授業やチラシ","はい",,"{""展示"":""5"",""ステージ"":""5"",""ワークショップ"":""5"",""飲食"":""5"",""その他（ステンレスボトル回収・マイボトル持参など）"":""5"",""全体"":""5""}","102：岡山大学RAC","はい",,"[""海ごみ問題"",""防災など安全・安心な社会"",""５Ｒ"",""フードロス"",""多様性・共生社会"",""エシカル消費""]",,"海に住む魚たちのプラスチックゴミ問題について、魚をとれなくなるだけでなく、魚を食べた人間も悪い影響を受けることから海にあるゴミ拾いなどをするべきだと思いました。",""
"115","heavy","2025-08-07 07:06:54.013576+00","男性","60代","公務員","岡山県内","岡山市北区","[""展示見学""]","15. 陸の豊かさも守ろう","[""節電・節水"",""フードロス削減"",""マイバッグ・マイボトルの使用"",""ペーパーレス化"",""ゴミ分別""]","もともとそういう生活をしたかった。","はい","自然と人との繋がりの大切さについて、いろいろな人たちに伝える。","{""展示"":""4"",""ステージ"":""3"",""ワークショップ"":""3"",""飲食"":""4"",""その他（ステンレスボトル回収・マイボトル持参など）"":""4"",""全体"":""4""}","66：あい音","はい","フサヒゲルリカミキリの標本の髭が後ろを向いている理由を聞いたとき。","[""海ごみ問題"",""森林の有効活用"",""クリーンエネルギーへの転換"",""５Ｒ"",""エシカル消費"",""フードロス"",""多様性・共生社会""]",,"自分事にならないと人は行動に移さない。如何に自分事にさせていくか。","パンフレットに展示ブースのアピールポイントが簡潔に書かれているとわかりやすい。"
"116","heavy","2025-08-07 07:11:38.298252+00","女性","40代","教職員","岡山県内","鏡野町","[""付き添い""]","1. 貧困をなくそう","[""節電・節水"",""フードロス削減"",""マイバッグ・マイボトルの使用"",""ペーパーレス化"",""ゴミ分別""]","SDGsの勉強をして","いいえ",,"{""展示"":""1"",""ステージ"":""1"",""ワークショップ"":""1"",""飲食"":""1"",""その他（ステンレスボトル回収・マイボトル持参など）"":""1"",""全体"":""1""}","21：NPO法人タブララサ","はい",,"[""健康・福祉・貧困"",""フードロス""]",,"一人一人が意識を持つこと",""
"117","heavy","2025-08-07 07:20:34.701299+00","女性","中学生以下","学生","岡山県内","岡山市北区
","[""展示見学""]","2. 飢餓をゼロに","[""マイバッグ・マイボトルの使用""]","学校で","はい","ものを大切に使う","{""展示"":""5"",""ステージ"":""3"",""ワークショップ"":""3"",""飲食"":""3"",""その他（ステンレスボトル回収・マイボトル持参など）"":""4"",""全体"":""5""}","6：友野印刷株式会社","はい","いろいろ知れた","[""５Ｒ""]",,"気持ちが大切",""
"118","heavy","2025-08-07 07:22:57.485973+00","男性","大学生","学生","岡山県内","岡山県真庭市月田","[""展示見学""]","14. 海の豊かさを守ろう","[""節電・節水"",""マイバッグ・マイボトルの使用""]","なんとなく","はい","陸上養殖は海のない場所や山でも魚を養殖できるのですが、電気代がバカにならないらしいです。そこで、太陽光や風力発電等の持続可能な発電ができたらコスパよく環境にも優しいのではないかと思います。バイオマス発電でもいいですねぇ","{""展示"":""5"",""ステージ"":""5"",""ワークショップ"":""5"",""飲食"":""5"",""全体"":""5"",""その他（ステンレスボトル回収・マイボトル持参など）"":""5""}","82：岡山理科大学","はい","3階の学生の発表で、『人はやったことないことしかわからないからいろいろ経験してみたい』と学生がおっしゃっていたことが印象に残りました。","[""海ごみ問題"",""環境保全"",""フードロス"",""５Ｒ""]",,"利益にならないと誰もやってくれないのは厳しいところがありますよね。逆にいうと利益がでれば皆やってくれますからこれからの研鑽が重要になりますよね",""
"119","heavy","2025-08-07 07:25:12.082412+00","女性","50代","主婦","岡山県内","岡山市中区","[""展示見学""]","3. すべての人に健康と福祉を","[""節電・節水"",""フードロス削減"",""ゴミ分別""]","学校の授業","はい","ペ-パーレス化","{""ステージ"":""5"",""展示"":""3"",""ワークショップ"":""3"",""飲食"":""3"",""その他（ステンレスボトル回収・マイボトル持参など）"":""5"",""全体"":""5""}","その他","はい","植物を魚の水で育てる","[""海ごみ問題""]",,"し善を守る",""
"120","heavy","2025-08-07 07:29:38.623528+00","男性","40代","会社員","岡山県内","岡山市北区","[""ワークショップ""]","1. 貧困をなくそう","[""節電・節水"",""マイバッグ・マイボトルの使用"",""ペーパーレス化"",""ゴミ分別""]","会社の方針","はい","子供食堂","{""ステージ"":""3"",""ワークショップ"":""4"",""飲食"":""2"",""その他（ステンレスボトル回収・マイボトル持参など）"":""3"",""展示"":""3"",""全体"":""3""}","70：奉還町まるごとフリースクール","いいえ",,"[]","全ての子供達がお腹いっぱいにご飯を食べられる岡山市にしてほしい。","意識の高い人達の集まりになってると感じる。
もっと広く参加しやすいアトラクション等増やして欲しい。","受付がよくわからない。"
"121","heavy","2025-08-07 07:36:42.401849+00","女性","20代","会社員","岡山県内","岡山市","[""ワークショップ""]","3. すべての人に健康と福祉を","[""寄付・ボランティア""]","学校の影響","はい","分別をする","{""展示"":""1"",""ステージ"":""1"",""ワークショップ"":""1"",""飲食"":""1"",""その他（ステンレスボトル回収・マイボトル持参など）"":""1"",""全体"":""1""}","その他","はい","おさかなのお兄さんかわちゃんのステージが楽しかったです","[""海ごみ問題""]",,"全員が同じ気持ちになることが難しいと思う",""
"122","heavy","2025-08-07 07:38:09.930133+00","女性","30代","会社員","岡山県内","倉敷市","[""その他""]","14. 海の豊かさを守ろう","[""ゴミ分別"",""公共交通機関の利用""]","なんとなく","はい",,"{""展示"":""4"",""ステージ"":""4"",""ワークショップ"":""4"",""飲食"":""4"",""その他（ステンレスボトル回収・マイボトル持参など）"":""5"",""全体"":""4""}","90：公益財団法人岡山県環境保全事業団","はい",,"[""海ごみ問題"",""森林の有効活用"",""防災など安全・安心な社会"",""フードロス""]",,"環境問題については、個人の取り組みでは限界がある。",""
"123","heavy","2025-08-07 07:46:49.174372+00","男性","40代","会社員","岡山県内","中区","[""ワークショップ""]","3. すべての人に健康と福祉を","[""フードロス削減""]","ごみひろい","はい",,"{""展示"":""4"",""ステージ"":""3"",""飲食"":""3"",""ワークショップ"":""3"",""その他（ステンレスボトル回収・マイボトル持参など）"":""3"",""全体"":""3""}","94：社会福祉法人 旭川荘 吉備ワークホーム","いいえ",,"[""森林の有効活用""]",,"ゴミ拾い",""
"124","heavy","2025-08-07 07:55:33.7845+00","男性","60代","無職","岡山県内","倉敷","[""ステージ・講演""]","14. 海の豊かさを守ろう","[""節電・節水"",""フードロス削減"",""マイバッグ・マイボトルの使用"",""ゴミ分別""]","新聞他","はい","ゴミ分別","{""展示"":""4"",""ステージ"":""4"",""ワークショップ"":""4"",""飲食"":""4"",""その他（ステンレスボトル回収・マイボトル持参など）"":""4"",""全体"":""4""}","26：クリエイトグループ","はい","エコへの取り組み","[""海ごみ問題"",""森林の有効活用"",""フードロス""]",,"自然保護","特に無し"
"125","heavy","2025-08-07 07:56:58.234549+00","女性","60代","アルバイト","岡山県内","倉敷市","[""展示見学"",""ワークショップ""]","14. 海の豊かさを守ろう","[""フードロス削減"",""ゴミ分別""]","ゴミ問題","はい","ゴミをなくす","{""展示"":""4"",""ステージ"":""3"",""ワークショップ"":""4"",""飲食"":""3"",""その他（ステンレスボトル回収・マイボトル持参など）"":""4"",""全体"":""4""}","75：一般社団法人epoおかやま笑顔プロジェクト","はい","防災について","[""海ごみ問題"",""森林の有効活用"",""防災など安全・安心な社会""]",,"無駄が多い
もったいいないことしすぎ
ゴミを活用","またこんなイベントしてください"
"126","heavy","2025-08-07 07:57:28.939462+00","無回答","中学生以下","その他","岡山県内","北区","[""ワークショップ"",""展示見学""]","14. 海の豊かさを守ろう","[""フードロス削減""]","学校","はい","食べ物を残さない","{""展示"":""4"",""ステージ"":""4"",""ワークショップ"":""4"",""飲食"":""3"",""その他（ステンレスボトル回収・マイボトル持参など）"":""3"",""全体"":""3""}","33：岡山トヨタ自動車株式会社","はい","アクアポニックス","[""海ごみ問題""]",,"食品に対する意識の低さ",""
"127","heavy","2025-08-07 07:58:07.395593+00","女性","70代以上","主婦","岡山県内","倉敷市","[""ワークショップ"",""ステージ・講演"",""展示見学""]","8. 働きがいも経済成長も","[""節電・節水"",""フードロス削減"",""地産地消"",""マイバッグ・マイボトルの使用"",""ゴミ分別"",""寄付・ボランティア""]","メディア他","はい","フードロス削減、ゴミの分別他","{""展示"":""4"",""ステージ"":""5"",""ワークショップ"":""4"",""飲食"":""3"",""その他（ステンレスボトル回収・マイボトル持参など）"":""4"",""全体"":""4""}","1：株式会社中電工 岡山統括支社","はい",,"[""海ごみ問題"",""森林の有効活用"",""クリーンエネルギーへの転換"",""環境保全"",""５Ｒ"",""フードロス"",""多様性・共生社会""]",,"環境保護",""
"128","heavy","2025-08-08 01:37:35.657378+00","女性","60代","教職員","岡山県内","岡山市中区","[""ステージ・講演"",""展示見学""]","3. すべての人に健康と福祉を","[""節電・節水"",""公共交通機関の利用"",""ペーパーレス化"",""ゴミ分別"",""マイバッグ・マイボトルの使用""]","職場の取組","いいえ",,"{""展示"":""5"",""ステージ"":""5"",""ワークショップ"":""5"",""飲食"":""5"",""その他（ステンレスボトル回収・マイボトル持参など）"":""5"",""全体"":""5""}","101：一般社団法人コノヒトカン・岡山高等学校","はい",,"[""海ごみ問題"",""健康・福祉・貧困""]",,"それぞれが課題意識を持つこと",""
"129","heavy","2025-08-08 01:53:18.389953+00","男性","70代以上","無職","岡山県内","岡山市中区湊","[""展示見学""]","14. 海の豊かさを守ろう","[""ゴミ分別""]","マイクロこみの人体への害","はい","近くの用水のゴミ拾い","{""展示"":""1"",""ステージ"":""1"",""ワークショップ"":""2"",""飲食"":""1"",""全体"":""1"",""その他（ステンレスボトル回収・マイボトル持参など）"":""2""}","37：岡山高等学校","はい",,"[""海ごみ問題""]",,"ごみをなくす",""
"130","heavy","2025-08-08 02:04:43.159887+00","女性","40代","団体職員","岡山県内","岡山市中区","[""その他""]","11. 住み続けられるまちづくりを","[""寄付・ボランティア"",""ゴミ分別"",""マイバッグ・マイボトルの使用""]","子どもと取り組める","はい","ゴミ拾いを習慣にする","{""展示"":""1"",""ステージ"":""1"",""ワークショップ"":""1"",""飲食"":""1"",""その他（ステンレスボトル回収・マイボトル持参など）"":""1"",""全体"":""1""}","92：小中学生環境活動家 Crew","いいえ",,"[""海ごみ問題"",""健康・福祉・貧困"",""多様性・共生社会""]",,"知ってもらう事",""
"131","heavy","2025-08-08 02:15:26.286997+00","男性","70代以上","無職","岡山県内","岡山市北区","[""ステージ・講演""]","3. すべての人に健康と福祉を","[""節電・節水""]","新聞","いいえ",,"{""展示"":""4"",""ステージ"":""4"",""ワークショップ"":""4"",""飲食"":""5"",""その他（ステンレスボトル回収・マイボトル持参など）"":""4"",""全体"":""4""}","5：大王製紙株式会社","はい","貧困","[""健康・福祉・貧困""]",,"宣伝不足",""
"132","heavy","2025-08-08 02:16:36.106741+00","女性","30代","主婦","岡山県内","赤磐市","[""展示見学""]","11. 住み続けられるまちづくりを","[""節電・節水"",""フードロス削減"",""マイバッグ・マイボトルの使用"",""ペーパーレス化"",""ゴミ分別""]","日々できることを少しずつしています","いいえ",,"{""展示"":""4"",""飲食"":""4"",""ステージ"":""3"",""ワークショップ"":""3"",""その他（ステンレスボトル回収・マイボトル持参など）"":""3"",""全体"":""4""}","29：丸五ホールディングス株式会社","はい",,"[""森林の有効活用"",""海ごみ問題"",""防災など安全・安心な社会"",""健康・福祉・貧困"",""フードロス""]",,"ひとりひとりの意識の向上",""
"133","heavy","2025-08-08 02:26:27.626698+00","女性","30代","主婦","岡山県内","岡山市北区","[""展示見学""]","11. 住み続けられるまちづくりを","[""節電・節水"",""ゴミ分別""]","テレビ","はい","ゴミのさらなる分別","{""展示"":""5"",""ステージ"":""4"",""ワークショップ"":""4"",""飲食"":""5"",""その他（ステンレスボトル回収・マイボトル持参など）"":""4"",""全体"":""5""}","1：株式会社中電工 岡山統括支社","はい",,"[""森林の有効活用""]",,"一人一人が意識をもつこと",""